{
  "auc": 0.7444837291781101,
  "f1": 0.5487977369165488,
  "pr_auc": 0.5568570123455631
}